{
	"todayissign": true,
	"issign": true,
	"iswinning": false,
	"relationid": 189,
	"ishaslottery": true,
	"winningList": [
		{
			"prizename": "一等奖",
			"phone": "136****5782",
			"name": ""
		}, {
			"prizename": "一等奖",
			"phone": "138****8145",
			"name": "车友8145"
		}, {
			"prizename": "一等奖",
			"phone": "158****0313",
			"name": "熊熊"
		}, {
			"prizename": "一等奖",
			"phone": "186****4536",
			"name": "匆匆一年老三"
		}, {
			"prizename": "一等奖",
			"phone": "180****7557",
			"name": "38.5℃"
		}, {
			"prizename": "一等奖",
			"phone": "151****0318",
			"name": "老婆阿铭"
		}, {
			"prizename": "一等奖",
			"phone": "137****7810",
			"name": "随缘"
		}, {
			"prizename": "一等奖",
			"phone": "185****5366",
			"name": "车友5366"
		}, {
			"prizename": "一等奖",
			"phone": "135****7108",
			"name": "木木"
		}, {
			"prizename": "一等奖",
			"phone": "136****5173",
			"name": "四叶草"
		}, {
			"prizename": "一等奖",
			"phone": "139****2667",
			"name": "睿锴哥"
		}, {
			"prizename": "一等奖",
			"phone": "185****8199",
			"name": ""
		}, {
			"prizename": "一等奖",
			"phone": "186****3535",
			"name": "shilinfu"
		}, {
			"prizename": "一等奖",
			"phone": "132****3399",
			"name": "交广小众"
		}, {
			"prizename": "一等奖",
			"phone": "138****7289",
			"name": "527289"
		}, {
			"prizename": "一等奖",
			"phone": "150****8294",
			"name": "玲儿"
		}, {
			"prizename": "一等奖",
			"phone": "133****6540",
			"name": "车友6540"
		}, {
			"prizename": "一等奖",
			"phone": "159****3280",
			"name": "703280"
		}, {
			"prizename": "一等奖",
			"phone": "137****3525",
			"name": "713525"
		}, {
			"prizename": "一等奖",
			"phone": "139****8308",
			"name": ""
		}, {
			"prizename": "一等奖",
			"phone": "151****3662",
			"name": "忘忧草"
		}, {
			"prizename": "一等奖",
			"phone": "185****5989",
			"name": "0号导航员_无痕"
		}
	],
	"actioninfo": "<p><strong>活动奖品：</strong></p><p>【“奔跑吧，宝贝”冰雪运动会】入场券</p><p><strong>抽奖提示：</strong><br/></p><p>仅限【“奔跑吧，宝贝”冰雪运动会】报名用户参与抽奖；</p><p>每人每天限 3 次抽奖机会，中奖用户请保持手机畅通；<br/></p><p><br/></p><p><span style=\"font-size: 14px;\">本次活动最终解释权归河南交通广播所有</span></p>",
	"Surplusnumber": 3,
	"prizeinformation": [
		{
			"prizeid": 1,
			"image": null
		}, {
			"prizeid": 2,
			"image": null
		}, {
			"prizeid": 3,
			"image": null
		}, {
			"prizeid": 4,
			"image": null
		}, {
			"prizeid": 5,
			"image": null
		}, {
			"prizeid": 6,
			"image": null
		}, {
			"prizeid": 7,
			"image": null
		}, {
			"prizeid": 8,
			"image": null
		}, {
			"prizeid": 9,
			"image": null
		}, {
			"prizeid": 10,
			"image": null
		}, {
			"prizeid": 11,
			"image": null
		}, {
			"prizeid": 12,
			"image": null
		}
	]
}